symbol,ann,credit,max_risk,pnl,ret_pct
BAC,2019-01-16,0.07,143.0,-42.0,-29.37
BAC,2019-04-16,0.1,190.0,-12.5,-6.56
BAC,2020-01-15,0.11,140.0,-14.0,-10.04
BAC,2021-01-19,0.09,291.0,-18.0,-6.19
BAC,2021-10-14,0.06,194.0,-18.0,-9.25
BAC,2022-01-19,0.13,287.0,-12.0,-4.18
BAC,2022-04-18,0.13,287.0,-15.5,-5.4
BAC,2022-07-18,0.12,288.0,-14.0,-4.85
BAC,2022-10-17,0.09,291.0,-18.0,-6.19
BAC,2023-01-13,0.08,242.0,-14.0,-5.79
BAC,2023-04-18,0.11,139.0,-14.5,-10.39
BAC,2023-07-18,0.09,141.0,-16.5,-11.7
BAC,2023-10-17,0.07,143.0,-16.5,-11.54
BAC,2024-01-12,0.08,192.0,-14.0,-7.29
BAC,2024-04-16,0.08,192.0,-20.5,-10.7
BAC,2024-07-16,0.07,193.0,-26.0,-13.47
BAC,2024-10-15,0.09,241.0,-14.5,-6.02
BAC,2025-01-16,0.06,194.0,-16.0,-8.25
BAC,2025-04-15,0.07,294.0,-17.0,-5.79
BAC,2025-07-16,0.09,191.0,-13.0,-6.81
BAC,2025-10-15,0.1,290.0,-17.0,-5.85
BAC,2026-01-14,0.12,238.0,-15.0,-6.29
BAC,2026-04-15,0.07,243.0,-16.5,-6.79
COST,2019-03-07,0.61,1189.0,39.0,3.28
COST,2019-05-30,0.46,1204.0,24.5,2.04
COST,2019-10-03,0.85,1415.0,63.0,4.45
COST,2019-12-12,0.49,1201.0,26.5,2.21
CVX,2019-02-01,0.06,494.0,-16.0,-3.24
CVX,2019-08-02,0.12,488.0,-43.5,-8.9
CVX,2019-11-01,0.08,392.0,-14.0,-3.57
CVX,2020-01-31,0.13,387.0,-9.0,-2.33
CVX,2020-10-30,0.07,693.0,-15.0,-2.16
CVX,2021-10-29,0.05,495.0,-16.5,-3.34
CVX,2022-04-29,0.1,1240.0,-12.5,-1.01
CVX,2022-10-28,0.17,1233.0,-5.0,-0.41
CVX,2023-04-28,0.07,743.0,-15.5,-2.08
CVX,2023-07-23,0.24,576.0,-14.5,-2.52
CVX,2024-02-02,0.14,736.0,-8.5,-1.15
CVX,2024-11-01,0.08,992.0,-14.0,-1.41
CVX,2025-01-31,0.11,489.0,-11.0,-2.25
CVX,2025-05-02,0.09,841.0,-13.0,-1.55
CVX,2025-08-01,0.07,742.0,-14.5,-1.95
CVX,2025-10-31,0.22,728.0,-0.0,-0.0
CVX,2026-01-30,0.11,739.0,-11.0,-1.49
CVX,2026-05-01,0.15,1485.0,-7.0,-0.47
DIS,2019-02-05,0.18,482.0,-6.0,-1.25
DIS,2019-08-06,0.29,721.0,-8.5,-1.18
DIS,2019-11-07,0.35,565.0,13.0,2.3
DIS,2020-02-04,0.8,720.0,52.5,7.29
DIS,2021-05-13,0.37,1214.0,14.5,1.19
DIS,2021-08-12,0.47,953.0,25.0,2.62
DIS,2021-11-10,0.75,1175.0,14.0,1.19
DIS,2022-02-09,1.42,1108.0,117.0,10.56
DIS,2022-11-08,0.67,933.0,-162.5,-17.42
DIS,2023-05-10,0.47,553.0,-24.0,-4.34
DIS,2023-08-09,0.53,647.0,28.5,4.41
DIS,2023-11-08,0.48,552.0,16.5,2.99
DIS,2024-02-07,0.75,625.0,-125.0,-20.0
DIS,2024-08-07,0.74,726.0,45.5,6.27
DIS,2024-11-14,0.79,521.0,47.0,9.03
DIS,2025-02-05,1.11,689.0,81.0,11.76
DIS,2025-05-07,0.55,746.0,-26.5,-3.55
DIS,2025-08-06,0.93,707.0,67.0,9.48
DIS,2025-11-13,0.7,930.0,-5.0,-0.54
DIS,2026-02-02,0.79,721.0,-8.0,-1.11
DIS,2026-05-06,0.53,647.0,14.0,2.16
GOOGL,2024-04-25,1.01,1149.0,79.0,6.88
GOOGL,2024-07-23,1.55,1095.0,93.0,8.49
GOOGL,2024-10-29,1.45,1105.0,119.0,10.76
GOOGL,2025-02-04,1.28,1372.0,34.0,2.48
GOOGL,2025-04-24,0.62,1438.0,39.5,2.75
GOOGL,2025-07-23,0.87,1413.0,62.0,4.39
GS,2019-01-16,0.59,941.0,-288.0,-30.61
GS,2019-04-15,0.74,926.0,23.0,2.48
GS,2019-07-16,0.45,955.0,15.5,1.62
GS,2019-10-15,0.42,958.0,8.0,0.84
GS,2020-01-15,0.48,952.0,20.0,2.1
GS,2020-07-15,0.41,1959.0,10.5,0.54
GS,2020-10-14,0.42,1458.0,13.0,0.89
GS,2022-01-18,0.75,2175.0,-205.5,-9.45
GS,2022-07-18,0.68,1932.0,29.5,1.53
GS,2023-01-17,0.37,1963.0,-297.5,-15.16
GS,2023-10-17,0.43,1707.0,12.0,0.7
GS,2024-01-16,0.9,1910.0,64.5,3.38
GS,2024-04-15,0.99,1902.0,28.5,1.5
GS,2024-07-15,1.38,1862.0,85.5,4.59
HD,2019-02-26,0.57,692.0,30.0,4.33
HD,2019-05-21,0.48,702.0,20.0,2.85
HD,2019-08-20,0.37,963.0,-12.0,-1.25
HD,2019-11-19,0.55,945.0,-104.0,-11.01
HD,2020-02-25,0.54,1196.0,4.5,0.38
HD,2020-05-19,0.7,1930.0,28.5,1.48
HD,2020-08-18,0.56,1444.0,25.0,1.73
HD,2021-02-23,0.3,1470.0,-18.0,-1.22
HD,2021-08-17,0.49,1451.0,-48.5,-3.34
HD,2022-02-22,1.67,2082.0,-342.0,-16.42
HD,2022-05-17,1.57,2093.0,120.5,5.76
HD,2023-02-21,1.16,1634.0,-230.5,-14.11
HD,2023-05-16,1.22,1628.0,87.5,5.37
HD,2023-08-15,1.0,1650.0,67.0,4.06
HD,2023-11-14,1.02,1398.0,-18.5,-1.32
HD,2024-02-20,1.41,1359.0,102.0,7.5
HD,2024-05-14,1.25,1374.0,95.0,6.91
JNJ,2019-01-22,0.49,551.0,15.0,2.72
JNJ,2019-04-16,0.28,472.0,3.0,0.64
JNJ,2019-10-15,0.22,478.0,-4.0,-0.84
JNJ,2020-01-22,0.19,481.0,-6.0,-1.25
JNJ,2020-07-16,0.26,724.0,-5.0,-0.69
JNJ,2020-10-13,0.15,735.0,-10.5,-1.43
JNJ,2021-01-26,0.48,952.0,8.5,0.89
JNJ,2021-04-20,0.21,479.0,-23.0,-4.8
JNJ,2021-07-21,0.19,481.0,-6.5,-1.35
JNJ,2021-10-19,0.36,714.0,-3.5,-0.49
JNJ,2022-04-19,0.28,722.0,-10.0,-1.38
JNJ,2022-07-19,0.41,709.0,3.5,0.49
JNJ,2022-10-18,0.21,729.0,-11.0,-1.51
JNJ,2023-01-24,0.25,475.0,-1.0,-0.21
JNJ,2023-04-18,0.14,486.0,-21.5,-4.42
JNJ,2023-07-20,0.28,522.0,-124.0,-23.73
JNJ,2023-10-17,0.26,474.0,-6.5,-1.37
JNJ,2024-01-23,0.26,474.0,2.5,0.53
JNJ,2024-04-16,0.22,478.0,-8.5,-1.78
JNJ,2024-07-17,0.34,466.0,-6.5,-1.39
JNJ,2024-10-15,0.23,728.0,-5.0,-0.69
JNJ,2025-01-22,0.17,483.0,-11.5,-2.38
JNJ,2025-04-15,0.22,728.0,-2.0,-0.27
JNJ,2025-07-16,0.23,477.0,-70.5,-14.78
JNJ,2025-10-14,0.55,695.0,23.5,3.38
JNJ,2026-01-21,0.39,962.0,2.0,0.21
JNJ,2026-04-14,0.48,1202.0,33.5,2.79
JPM,2019-01-15,0.21,679.0,-6.0,-0.88
JPM,2019-04-12,0.11,390.0,-11.5,-2.95
JPM,2019-07-16,0.11,489.0,-12.5,-2.56
JPM,2019-10-15,0.18,482.0,-10.5,-2.18
JPM,2020-01-14,0.24,476.0,-3.0,-0.63
JPM,2020-10-13,0.07,692.0,-17.5,-2.53
JPM,2021-04-14,0.11,739.0,-18.0,-2.44
JPM,2021-07-13,0.17,583.0,-14.0,-2.4
JPM,2021-10-13,0.16,734.0,-19.5,-2.66
JPM,2022-01-14,0.13,737.0,-15.5,-2.1
JPM,2022-04-13,0.21,729.0,-4.5,-0.62
JPM,2022-07-14,0.17,783.0,-8.0,-1.02
JPM,2022-10-14,0.14,1186.0,-8.0,-0.67
JPM,2023-01-13,0.11,739.0,-11.0,-1.49
JPM,2023-04-14,0.11,689.0,-10.5,-1.53
JPM,2023-07-14,0.3,720.0,8.5,1.18
JPM,2023-10-13,0.14,736.0,-8.0,-1.09
JPM,2024-01-12,0.39,711.0,17.5,2.46
JPM,2024-04-12,0.35,965.0,10.0,1.04
JPM,2024-07-12,0.33,967.0,10.5,1.09
JPM,2024-10-11,0.11,1239.0,-11.0,-0.89
JPM,2025-01-15,0.52,1448.0,24.0,1.66
JPM,2025-07-15,0.55,1195.0,18.5,1.55
JPM,2025-10-14,0.64,1686.0,18.0,1.07
JPM,2026-01-13,0.54,1446.0,-30.5,-2.11
JPM,2026-04-14,0.57,1693.0,27.5,1.62
LLY,2019-02-06,0.76,424.0,33.5,7.91
LLY,2019-07-30,0.34,466.0,6.0,1.29
LLY,2019-10-23,0.06,494.0,-20.0,-4.05
LLY,2020-01-30,0.46,704.0,24.5,3.48
LLY,2020-04-23,0.36,964.0,3.5,0.36
LLY,2020-10-27,0.25,975.0,-71.0,-7.28
LLY,2021-01-29,0.07,1494.0,-18.5,-1.24
LLY,2021-04-27,0.39,962.0,-5.5,-0.57
LLY,2021-08-03,0.77,1422.0,8.5,0.6
LLY,2021-10-26,0.56,1194.0,-1.5,-0.13
LLY,2022-04-28,0.1,1990.0,-12.0,-0.6
LLY,2022-11-01,0.99,2900.0,34.5,1.19
MCD,2019-01-30,0.74,676.0,43.0,6.36
MCD,2019-04-30,0.55,695.0,29.0,4.17
MCD,2019-07-26,0.58,692.0,36.5,5.28
MCD,2019-10-22,0.64,686.0,-122.5,-17.84
MCD,2020-01-29,0.43,707.0,16.5,2.34
MCD,2020-04-30,0.22,1478.0,-3.0,-0.2
MCD,2020-07-28,0.27,723.0,-11.5,-1.59
MCD,2020-11-09,0.67,1183.0,20.0,1.69
MCD,2021-01-28,0.32,1218.0,10.0,0.82
MCD,2021-04-29,0.32,718.0,6.0,0.84
MCD,2021-07-28,0.42,958.0,7.5,0.78
MCD,2021-10-27,0.33,717.0,-6.0,-0.84
MCD,2022-01-27,0.4,1210.0,10.0,0.83
MCD,2022-04-28,0.43,1207.0,15.5,1.28
MCD,2022-07-26,0.61,939.0,27.5,2.93
MCD,2022-10-27,0.22,978.0,-3.0,-0.31
MCD,2023-01-31,0.59,941.0,30.0,3.19
MCD,2023-04-25,0.4,710.0,11.0,1.55
MCD,2023-07-27,0.88,912.0,60.5,6.63
MCD,2023-10-30,0.86,1164.0,52.5,4.51
MCD,2024-02-05,0.55,944.0,-30.5,-3.23
MCD,2024-04-30,0.85,915.0,59.5,6.51
MCD,2024-07-29,1.27,1123.0,79.0,7.03
MCD,2024-10-29,1.04,1396.0,67.5,4.84
MCD,2025-02-10,1.1,1140.0,-16.0,-1.4
MCD,2025-05-01,0.5,1450.0,19.5,1.34
MCD,2025-08-06,0.91,1160.0,56.0,4.83
MCD,2025-11-05,0.55,1195.0,21.5,1.8
MCD,2026-02-11,0.6,1190.0,26.5,2.23
MCD,2026-05-07,0.69,1181.0,31.0,2.63
MSFT,2019-04-24,0.28,572.0,3.5,0.61
MSFT,2019-07-18,0.16,384.0,-6.5,-1.69
MSFT,2020-01-29,0.15,735.0,-10.5,-1.43
MSFT,2020-04-29,0.25,975.0,1.0,0.1
MSFT,2020-07-22,0.31,969.0,0.5,0.05
MSFT,2020-10-27,0.29,1721.0,-15.5,-0.9
MSFT,2021-01-26,0.47,1203.0,12.5,1.04
MSFT,2021-04-27,0.35,1215.0,5.5,0.45
MSFT,2021-07-27,0.45,1455.0,16.0,1.1
MSFT,2021-10-26,0.33,967.0,-22.5,-2.33
MSFT,2022-07-26,0.93,1907.0,57.5,3.02
MSFT,2022-10-25,0.38,1962.0,-116.0,-5.91
MSFT,2023-01-24,0.82,1418.0,54.5,3.84
MSFT,2023-04-25,0.65,1685.0,-37.5,-2.23
PFE,2019-01-29,0.23,177.0,-2.5,-1.41
PFE,2019-04-30,0.09,141.0,-18.5,-13.12
PFE,2019-07-29,0.1,90.0,-38.5,-42.78
PFE,2019-10-29,0.12,138.0,-13.5,-9.82
PFE,2020-01-28,0.16,184.0,-51.0,-27.79
PFE,2020-04-28,0.11,189.0,-14.5,-7.67
PFE,2020-07-28,0.09,242.0,-16.5,-6.83
PFE,2020-10-27,0.1,290.0,-12.0,-4.14
PFE,2021-02-02,0.12,188.0,-14.0,-7.45
PFE,2021-05-04,0.29,220.0,2.5,1.13
PFE,2021-11-02,0.24,226.0,-5.5,-2.43
PFE,2022-02-08,0.45,355.0,18.5,5.21
PFE,2022-05-03,0.24,376.0,-4.5,-1.2
PFE,2022-07-28,0.11,390.0,-11.5,-2.95
PFE,2022-11-01,0.16,284.0,-10.5,-3.69
PFE,2023-01-31,0.2,230.0,-5.0,-2.17
PFE,2023-05-02,0.09,140.0,-17.0,-12.1
PFE,2023-08-01,0.11,189.0,-14.5,-7.67
PFE,2023-10-31,0.07,194.0,-17.0,-8.79
PFE,2024-01-30,0.09,141.0,-14.5,-10.28
PFE,2024-05-01,0.05,145.0,-23.0,-15.92
PFE,2024-07-30,0.11,139.0,-15.0,-10.79
PFE,2024-10-29,0.07,144.0,-15.5,-10.8
PFE,2025-02-04,0.08,142.0,-16.5,-11.62
PFE,2025-04-29,0.06,144.0,-20.5,-14.19
PFE,2025-08-05,0.1,140.0,-16.0,-11.43
PFE,2025-11-04,0.12,138.0,-15.0,-10.83
PFE,2026-02-03,0.07,143.0,-20.0,-13.99
PFE,2026-05-05,0.06,94.0,-17.5,-18.62
UNH,2019-01-15,0.54,1446.0,23.0,1.59
UNH,2019-04-16,2.85,965.0,193.5,20.06
UNH,2019-07-18,0.21,1479.0,-5.5,-0.37
UNH,2019-10-15,0.43,1207.0,-138.5,-11.47
UNH,2020-01-15,0.54,1196.0,19.5,1.63
UNH,2021-10-14,0.5,1700.0,6.5,0.38
WFC,2019-01-15,0.14,286.0,-11.0,-3.84
WFC,2019-07-16,0.07,244.0,-20.5,-8.42
WFC,2019-10-15,0.12,238.0,-11.5,-4.83
WFC,2020-01-14,0.17,183.0,-50.5,-27.6
WFC,2020-04-14,0.31,469.0,4.0,0.85
WFC,2020-07-14,0.15,335.0,-10.5,-3.14
WFC,2020-10-14,0.06,194.0,-19.0,-9.79
WFC,2021-01-15,0.08,342.0,-14.0,-4.09
WFC,2021-04-14,0.12,288.0,-12.0,-4.17
WFC,2021-07-14,0.11,239.0,-16.0,-6.68
WFC,2021-10-14,0.1,290.0,-14.0,-4.82
WFC,2022-01-14,0.05,395.0,-16.5,-4.18
WFC,2022-04-14,0.09,391.0,-13.0,-3.32
WFC,2022-10-14,0.06,444.0,-16.0,-3.6
WFC,2023-01-13,0.06,194.0,-16.0,-8.25
WFC,2023-04-14,0.05,295.0,-16.5,-5.6
WFC,2023-07-14,0.08,192.0,-14.0,-7.29
WFC,2023-10-13,0.06,244.0,-16.0,-6.56
WFC,2024-01-12,0.07,193.0,-15.0,-7.77
WFC,2024-04-12,0.16,384.0,-6.0,-1.56
WFC,2024-07-12,0.21,279.0,-0.5,-0.18
WFC,2024-10-11,0.06,294.0,-16.5,-5.6
WFC,2025-01-15,0.17,432.0,-16.5,-3.82
WFC,2025-07-15,0.27,473.0,-27.0,-5.7
WFC,2025-10-14,0.23,477.0,-51.5,-10.8
WFC,2026-01-14,0.25,475.0,-15.0,-3.16
WFC,2026-04-14,0.16,484.0,-25.0,-5.17
WMT,2019-05-16,0.32,468.0,10.0,2.14
WMT,2019-11-14,0.38,462.0,13.5,2.92
WMT,2020-02-18,0.42,558.0,17.0,3.04
WMT,2020-05-19,0.33,667.0,-9.0,-1.35
WMT,2020-08-18,0.47,752.0,19.5,2.59
WMT,2020-11-17,0.4,710.0,10.0,1.41
WMT,2021-02-18,0.25,725.0,-32.0,-4.41
WMT,2021-05-18,0.35,565.0,8.5,1.5
WMT,2021-08-17,0.36,464.0,11.0,2.37
WMT,2021-11-16,0.49,551.0,17.0,3.09
WMT,2022-02-17,0.41,809.0,16.5,2.04
WMT,2022-05-17,0.57,943.0,-426.5,-45.23
WMT,2022-08-16,0.75,625.0,23.5,3.76
WMT,2022-11-15,1.03,897.0,18.5,2.06
WMT,2023-02-21,0.76,674.0,46.0,6.82
WMT,2023-05-18,0.34,466.0,9.0,1.93
WMT,2023-08-17,0.38,462.0,8.5,1.84
WMT,2023-11-16,0.4,460.0,-323.5,-70.4
WMT,2024-02-20,0.63,437.0,27.5,6.29
WMT,2024-05-16,0.24,243.0,-77.0,-31.69
WMT,2024-08-15,0.57,343.0,27.0,7.87
WMT,2024-11-19,0.56,444.0,27.0,6.08
WMT,2025-02-20,0.53,547.0,8.5,1.55
WMT,2025-05-15,0.47,453.0,21.0,4.64
WMT,2025-08-21,0.35,465.0,6.5,1.4
WMT,2025-11-20,0.45,555.0,4.0,0.72
WMT,2026-05-21,0.35,665.0,-24.5,-3.68
XOM,2019-04-26,0.07,293.0,-15.0,-5.12
XOM,2019-08-02,0.07,343.0,-14.5,-4.23
XOM,2019-11-01,0.1,240.0,-11.5,-4.8
XOM,2020-01-31,0.07,243.0,-15.0,-6.17
XOM,2020-07-31,0.11,339.0,-11.0,-3.24
XOM,2021-02-02,0.07,493.0,-16.0,-3.25
XOM,2022-02-01,0.19,481.0,-38.5,-8.0
XOM,2022-04-29,0.06,794.0,-16.0,-2.02
XOM,2022-07-29,0.08,692.0,-14.0,-2.02
XOM,2022-10-28,0.07,993.0,-15.0,-1.51
XOM,2023-01-31,0.24,676.0,-4.5,-0.67
XOM,2023-07-28,0.11,489.0,-10.5,-2.15
XOM,2024-02-02,0.06,494.0,-15.5,-3.14
XOM,2024-11-01,0.12,688.0,-9.5,-1.38
XOM,2025-01-31,0.1,490.0,-12.0,-2.45
XOM,2025-10-31,0.08,492.0,-14.0,-2.85
