symbol,entry,strike,debit,pnl,mae,exit_reason,ret_pct,days_held
TSLA,2013-08-20,150.0,18.32,554.5,-72.5,manage_21dte,30.26,14
TSLA,2013-10-01,195.0,36.23,279.0,-447.5,manage_21dte,7.7,27
TSLA,2013-12-17,150.0,18.08,-488.5,-477.5,manage_21dte,-27.03,13
TSLA,2014-01-27,170.0,25.73,416.5,0.0,manage_21dte,16.19,11
TSLA,2014-03-03,250.0,37.2,-766.0,-897.5,manage_21dte,-20.59,18
TSLA,2014-03-14,230.0,35.03,-776.0,-1162.5,manage_21dte,-22.16,21
TSLA,2014-03-27,207.5,39.4,-983.5,-972.5,manage_21dte,-24.96,25
TSLA,2014-04-08,215.0,39.12,-636.0,-800.0,manage_21dte,-16.26,20
TSLA,2014-04-10,205.0,37.4,-743.5,-732.5,manage_21dte,-19.88,18
TSLA,2014-07-31,222.5,30.65,443.0,-465.0,manage_21dte,14.45,22
TSLA,2014-09-25,247.5,31.85,-51.0,-282.5,manage_21dte,-1.6,22
TSLA,2014-12-11,210.0,21.98,-76.0,-195.0,manage_21dte,-3.46,18
TSLA,2015-06-29,262.5,28.57,-428.5,-635.0,manage_21dte,-15.0,18
TSLA,2015-08-20,242.5,27.35,-546.0,-535.0,manage_21dte,-19.96,22
TSLA,2015-12-11,217.5,25.85,-883.5,-872.5,manage_21dte,-34.18,24
TSLA,2016-01-04,222.5,27.32,-19.5,-50.0,manage_21dte,-0.71,18
TSLA,2016-06-16,217.5,23.15,-648.5,-637.5,manage_21dte,-28.01,22
TSLA,2016-09-14,195.0,18.1,-171.0,-295.0,manage_21dte,-9.45,16
TSLA,2016-10-11,200.0,23.6,-941.0,-930.0,manage_21dte,-39.87,17
TSLA,2017-04-10,310.0,34.67,-1048.5,-1037.5,manage_21dte,-30.24,18
TSLA,2017-08-11,357.5,35.48,-1396.0,-1385.0,manage_21dte,-39.35,21
TSLA,2017-11-14,307.5,29.35,-938.5,-927.5,manage_21dte,-31.98,17
TSLA,2017-11-28,317.5,27.55,362.0,-385.0,manage_21dte,13.14,17
TSLA,2018-01-16,340.0,35.13,-296.0,-300.0,manage_21dte,-8.43,17
TSLA,2018-07-02,335.0,51.7,-1226.0,-1375.0,manage_21dte,-23.71,18
TSLA,2018-10-08,250.0,53.25,2651.5,-737.5,tp_plus50,49.79,18
TSLA,2019-05-09,240.0,31.73,1575.3,-500.0,tp_plus50,49.65,13
TSLA,2019-08-05,227.5,29.48,-651.0,-1042.5,manage_21dte,-22.09,18
TSLA,2019-10-01,245.0,33.6,-421.0,-645.0,manage_21dte,-12.53,17
TSLA,2020-01-27,557.5,97.32,4855.2,-292.5,tp_plus50,49.89,7
TSLA,2020-09-24,387.5,106.28,-3066.0,-3055.0,manage_21dte,-28.85,22
TSLA,2020-09-30,430.0,98.75,-3043.5,-3032.5,manage_21dte,-30.82,16
TSLA,2021-01-28,835.0,157.25,-6301.0,-6492.5,stop_minus40,-40.07,22
TSLA,2021-09-17,760.0,89.8,-676.0,-952.5,manage_21dte,-7.53,21
TSLA,2021-11-26,1080.0,210.95,-3941.0,-6887.5,manage_21dte,-18.68,21
TSLA,2022-01-13,1030.0,188.18,-5148.5,-5137.5,manage_21dte,-27.36,22
TSLA,2022-04-22,1005.0,156.75,7826.5,-1842.5,tp_plus50,49.93,19
TSLA,2022-09-02,270.0,41.75,-958.5,-947.5,manage_21dte,-22.96,21
TSLA,2022-09-13,291.67,41.83,-88.5,-562.5,manage_21dte,-2.12,17
TSLA,2023-08-17,220.0,27.8,1379.0,-12.5,tp_plus50,49.6,12
TSLA,2023-09-26,245.0,34.73,-828.5,-817.5,manage_21dte,-23.86,17
TSLA,2024-03-18,175.0,24.75,-358.5,-520.0,manage_21dte,-14.48,18
TSLA,2024-04-04,170.0,24.45,-956.0,-945.0,manage_21dte,-39.1,22
TSLA,2024-07-19,240.0,37.7,321.5,-1172.5,manage_21dte,8.53,21
TSLA,2024-09-03,210.0,30.3,574.0,0.0,manage_21dte,18.94,17
TSLA,2024-10-03,240.0,42.23,-298.5,-1112.5,manage_21dte,-7.07,22
TSLA,2025-01-02,380.0,67.18,-1363.5,-1352.5,manage_21dte,-20.3,22
TSLA,2025-02-03,385.0,55.78,-296.0,-1315.0,manage_21dte,-5.31,18
TSLA,2025-02-25,305.0,48.05,2391.5,-130.0,tp_plus50,49.77,13
TSLA,2025-10-10,415.0,66.83,-776.0,-1697.5,manage_21dte,-11.61,21
TSLA,2026-02-04,405.0,46.58,-1483.5,-1472.5,manage_21dte,-31.85,16
NFLX,2013-08-20,275.0,25.55,-268.5,-367.5,manage_21dte,-10.51,14
NFLX,2013-10-01,325.0,51.33,-2064.0,-2342.5,stop_minus40,-40.21,24
NFLX,2013-12-17,375.0,31.23,-968.5,-957.5,manage_21dte,-31.02,13
NFLX,2014-01-27,380.0,33.15,1646.5,0.0,tp_plus50,49.67,11
NFLX,2014-03-03,445.0,41.9,18.5,-977.5,manage_21dte,0.44,18
NFLX,2014-03-14,425.0,61.75,3071.5,-390.0,manage_21dte,49.74,21
NFLX,2014-03-27,365.0,58.42,-1286.0,-1275.0,manage_21dte,-22.01,25
NFLX,2014-04-08,350.0,55.22,-2220.0,-2700.0,stop_minus40,-40.2,15
NFLX,2014-04-10,335.0,53.23,-2140.0,-2555.0,stop_minus40,-40.21,14
NFLX,2014-07-31,422.5,35.75,1776.5,-132.5,tp_plus50,49.69,22
NFLX,2014-09-25,442.5,47.98,2387.8,-947.5,tp_plus50,49.77,21
NFLX,2014-12-11,335.0,32.58,-653.5,-642.5,manage_21dte,-20.06,18
NFLX,2015-06-29,645.0,77.72,-3120.0,-6462.0,stop_minus40,-40.14,16
NFLX,2015-08-20,112.0,15.55,766.5,0.0,tp_plus50,49.29,4
NFLX,2015-12-11,119.0,20.55,-391.0,-432.5,manage_21dte,-19.03,24
NFLX,2016-01-04,110.0,17.93,-446.5,-435.5,manage_21dte,-24.91,18
NFLX,2016-06-16,95.5,12.9,-168.5,-157.5,manage_21dte,-13.06,22
NFLX,2016-09-14,95.0,11.6,-103.5,-125.0,manage_21dte,-8.92,16
NFLX,2016-10-11,100.0,12.6,619.0,0.0,tp_plus50,49.13,7
NFLX,2017-04-10,145.0,14.57,-594.0,-597.5,stop_minus40,-40.75,8
NFLX,2017-08-11,172.5,15.03,-612.0,-635.0,stop_minus40,-40.73,21
NFLX,2017-11-14,195.0,13.4,-102.5,-385.0,manage_21dte,-7.65,17
NFLX,2017-11-28,200.0,11.7,574.0,0.0,tp_plus50,49.06,6
NFLX,2018-01-16,222.5,22.75,1126.5,-127.5,tp_plus50,49.52,8
NFLX,2018-07-02,397.5,53.75,-2161.0,-2160.0,stop_minus40,-40.2,15
NFLX,2018-10-08,350.0,48.05,533.5,-1540.0,manage_21dte,11.1,18
NFLX,2019-05-09,365.0,35.95,-771.0,-1135.0,manage_21dte,-21.45,22
NFLX,2019-08-05,307.5,31.0,-693.5,-995.0,manage_21dte,-22.37,18
NFLX,2019-10-01,270.0,34.1,-1375.0,-1530.0,stop_minus40,-40.32,17
NFLX,2020-01-27,342.5,29.48,1069.5,-212.5,manage_21dte,36.28,18
NFLX,2020-09-24,472.5,75.4,214.0,-540.0,manage_21dte,2.84,22
NFLX,2020-09-30,500.0,70.17,-111.0,-110.0,manage_21dte,-1.58,16
NFLX,2021-01-28,537.5,58.3,-2343.0,-2530.0,stop_minus40,-40.19,22
NFLX,2021-09-17,590.0,52.92,836.5,-237.5,manage_21dte,15.81,21
NFLX,2021-11-26,665.0,62.25,1843.0,-1070.0,manage_21dte,29.61,21
NFLX,2022-01-13,520.0,55.8,2779.0,-87.5,tp_plus50,49.8,8
NFLX,2022-04-22,215.0,31.72,1575.2,-697.5,tp_plus50,49.65,19
NFLX,2022-09-02,225.0,31.7,-751.0,-740.0,manage_21dte,-23.69,21
NFLX,2022-09-13,220.0,36.98,289.0,-10.0,manage_21dte,7.82,17
NFLX,2023-03-13,295.0,41.12,1681.5,-375.0,manage_21dte,40.89,18
NFLX,2023-08-17,405.0,37.97,500.5,-285.0,manage_21dte,13.18,22
NFLX,2023-09-26,380.0,44.05,-336.0,-595.0,manage_21dte,-7.63,17
NFLX,2024-03-18,620.0,71.97,-641.0,-1060.0,manage_21dte,-8.91,18
NFLX,2024-04-04,615.0,73.83,-1742.5,-2817.5,manage_21dte,-23.6,22
NFLX,2024-07-19,635.0,50.15,-1541.0,-1530.0,manage_21dte,-30.73,21
NFLX,2024-09-03,675.0,49.25,-778.5,-767.5,manage_21dte,-15.81,17
NFLX,2024-10-03,705.0,77.68,-1796.0,-2050.0,manage_21dte,-23.12,22
NFLX,2025-01-02,885.0,102.35,-375.5,-2377.5,manage_21dte,-3.67,22
NFLX,2025-02-03,980.0,68.5,-991.0,-980.0,manage_21dte,-14.47,18
NFLX,2025-02-25,975.0,76.07,3792.7,0.0,tp_plus50,49.86,13
NFLX,2025-10-10,1220.0,130.03,-1611.0,-1600.0,manage_21dte,-12.39,21
NFLX,2026-02-04,80.0,6.92,-99.0,-88.0,manage_21dte,-14.3,16
META,2013-08-20,38.0,2.88,133.2,-13.0,tp_plus50,46.19,14
META,2013-10-01,50.0,8.53,-123.5,-112.5,manage_21dte,-14.49,27
META,2013-12-17,55.0,5.12,-135.0,-124.0,manage_21dte,-26.34,13
META,2014-01-27,53.5,7.15,346.5,0.0,tp_plus50,48.46,11
META,2014-03-03,67.5,7.12,-247.0,-236.0,manage_21dte,-34.67,18
META,2014-03-14,67.5,8.25,401.5,-142.0,tp_plus50,48.67,21
META,2014-03-27,61.0,9.75,-253.5,-242.5,manage_21dte,-26.0,25
META,2014-04-08,57.5,9.07,-374.0,-428.0,stop_minus40,-41.21,17
META,2014-04-10,60.0,9.23,-380.0,-433.5,stop_minus40,-41.19,14
META,2014-07-31,72.5,6.62,-276.0,-274.0,stop_minus40,-41.66,22
META,2014-09-25,77.0,8.32,-101.0,-112.5,manage_21dte,-12.13,22
META,2014-12-11,77.5,5.41,-128.5,-117.5,manage_21dte,-23.73,18
META,2015-06-29,86.0,7.17,331.5,-62.5,manage_21dte,46.2,18
META,2015-08-20,90.5,8.15,396.5,0.0,tp_plus50,48.65,4
META,2015-12-11,102.0,9.62,-396.0,-413.5,stop_minus40,-41.14,24
META,2016-01-04,102.0,9.78,-141.5,-130.5,manage_21dte,-14.48,18
META,2016-06-16,114.0,10.48,-148.5,-307.5,manage_21dte,-14.18,22
META,2016-09-14,130.0,6.75,-252.0,-241.0,manage_21dte,-37.33,16
META,2016-10-11,130.0,10.02,-126.0,-115.0,manage_21dte,-12.57,17
META,2017-04-10,140.0,8.6,326.0,-43.5,manage_21dte,37.91,18
META,2017-08-11,167.5,10.2,-315.5,-370.0,manage_21dte,-30.93,21
META,2017-11-14,177.5,8.98,-122.5,-172.5,manage_21dte,-13.65,17
META,2017-11-28,182.5,7.8,379.0,0.0,tp_plus50,48.59,6
META,2018-01-16,177.5,14.45,31.5,-77.5,manage_21dte,2.18,17
META,2018-07-02,197.5,16.3,101.5,-70.0,manage_21dte,6.23,18
META,2018-10-08,155.0,16.12,106.5,-217.5,manage_21dte,6.6,18
META,2019-05-09,190.0,14.05,-3.0,-368.0,manage_21dte,-0.21,22
META,2019-08-05,182.5,16.98,-690.0,-690.0,stop_minus40,-40.65,15
META,2019-10-01,175.0,15.95,10.5,-75.0,manage_21dte,0.66,17
META,2020-01-27,215.0,18.0,-731.0,-735.0,stop_minus40,-40.61,16
META,2020-09-24,250.0,34.17,-506.0,-495.0,manage_21dte,-14.81,22
META,2020-09-30,262.5,31.52,-491.0,-480.0,manage_21dte,-15.57,16
META,2021-01-28,265.0,30.12,-1216.0,-1330.0,stop_minus40,-40.37,21
META,2021-09-17,365.0,30.63,787.5,-320.0,manage_21dte,25.71,21
META,2021-11-26,335.0,33.4,-1253.5,-1242.5,manage_21dte,-37.53,21
META,2022-01-13,325.0,32.08,1592.8,-555.0,tp_plus50,49.66,21
META,2022-04-22,185.0,31.82,-918.5,-1025.0,manage_21dte,-28.86,21
META,2022-09-02,160.0,20.27,128.0,-310.5,manage_21dte,6.31,21
META,2022-09-13,155.0,18.85,211.5,-197.5,manage_21dte,11.22,17
META,2023-03-13,180.0,20.23,1000.3,0.0,tp_plus50,49.46,3
META,2023-08-17,285.0,28.12,-591.0,-580.0,manage_21dte,-21.01,22
META,2023-09-26,300.0,36.77,-188.5,-205.0,manage_21dte,-5.13,17
META,2024-03-18,495.0,61.4,-306.0,-1160.0,manage_21dte,-4.98,18
META,2024-04-04,510.0,62.92,538.0,-710.0,manage_21dte,8.55,22
META,2024-07-19,475.0,60.7,-793.5,-1732.5,manage_21dte,-13.07,21
META,2024-09-03,510.0,40.38,1639.0,-555.0,manage_21dte,40.59,17
META,2024-10-03,585.0,69.15,-1153.5,-1242.5,manage_21dte,-16.68,22
META,2025-01-02,600.0,69.78,-78.5,-1082.5,manage_21dte,-1.13,22
META,2025-02-03,695.0,57.15,-1863.5,-1947.5,manage_21dte,-32.61,18
META,2025-02-25,655.0,55.12,139.0,-222.5,manage_21dte,2.52,17
META,2025-10-10,705.0,86.33,-1716.0,-2610.0,manage_21dte,-19.88,21
META,2026-02-04,670.0,55.47,-1671.0,-1660.0,manage_21dte,-30.12,16
NVDA,2013-08-20,15.0,0.98,-34.5,-23.5,manage_21dte,-35.2,14
NVDA,2013-10-01,16.0,1.4,-33.0,-42.0,manage_21dte,-23.57,27
NVDA,2013-12-17,15.0,0.9,6.5,-2.0,manage_21dte,7.22,13
NVDA,2014-01-27,15.5,1.14,-15.5,-8.0,manage_21dte,-13.6,11
NVDA,2014-03-03,18.5,1.34,-46.5,-35.5,manage_21dte,-34.57,18
NVDA,2014-03-14,18.0,1.38,-52.0,-41.0,manage_21dte,-37.68,21
NVDA,2014-03-27,18.0,1.56,-31.0,-20.0,manage_21dte,-19.87,25
NVDA,2014-04-08,19.0,1.73,-47.0,-36.0,manage_21dte,-27.25,20
NVDA,2014-04-10,18.0,1.65,-32.5,-21.5,manage_21dte,-19.7,18
NVDA,2014-07-31,17.5,1.62,1.5,-3.5,manage_21dte,0.92,22
NVDA,2014-09-25,18.5,1.37,57.5,0.0,tp_plus50,41.97,15
NVDA,2014-12-11,20.0,1.46,-37.5,-26.5,manage_21dte,-25.68,18
NVDA,2015-06-29,20.0,1.76,-37.5,-26.5,manage_21dte,-21.31,18
NVDA,2015-08-20,22.0,1.89,-35.5,-24.5,manage_21dte,-18.78,22
NVDA,2015-12-11,32.5,2.97,-105.5,-94.5,manage_21dte,-35.52,24
NVDA,2016-01-04,32.5,3.26,152.2,-14.0,tp_plus50,46.63,11
NVDA,2016-06-16,47.5,3.95,4.0,-127.0,manage_21dte,1.01,22
NVDA,2016-09-14,60.0,5.34,256.0,0.0,tp_plus50,47.94,15
NVDA,2016-10-11,65.0,7.55,74.0,-78.5,manage_21dte,9.8,17
NVDA,2017-04-10,100.0,10.95,-151.5,-202.5,manage_21dte,-13.84,18
NVDA,2017-08-11,155.0,17.05,-25.5,-356.5,manage_21dte,-1.5,21
NVDA,2017-11-14,215.0,17.65,199.0,-550.0,manage_21dte,11.27,17
NVDA,2017-11-28,210.0,15.1,744.0,0.0,tp_plus50,49.27,6
NVDA,2018-01-16,220.0,24.27,284.0,-85.0,manage_21dte,11.7,17
NVDA,2018-07-02,242.5,20.47,-553.5,-542.5,manage_21dte,-27.03,18
NVDA,2018-10-08,265.0,29.25,1451.5,-60.0,tp_plus50,49.62,15
NVDA,2019-05-09,170.0,23.35,1123.5,-543.5,manage_21dte,48.12,22
NVDA,2019-08-05,150.0,20.17,-295.5,-483.0,manage_21dte,-14.65,18
NVDA,2019-10-01,175.0,17.7,113.0,-70.5,manage_21dte,6.38,17
NVDA,2020-01-27,240.0,27.5,1364.0,-290.0,tp_plus50,49.6,18
NVDA,2020-09-24,495.0,74.35,-546.0,-535.0,manage_21dte,-7.34,22
NVDA,2020-09-30,540.0,70.82,-2033.5,-2022.5,manage_21dte,-28.71,16
NVDA,2021-01-28,522.5,70.05,1474.0,-1067.5,manage_21dte,21.04,22
NVDA,2021-09-17,220.0,19.68,-350.5,-382.5,manage_21dte,-17.81,21
NVDA,2021-11-26,315.0,44.83,131.5,-1137.5,manage_21dte,2.93,21
NVDA,2022-01-13,265.0,37.3,-148.5,-450.0,manage_21dte,-3.98,22
NVDA,2022-04-22,195.0,36.8,-538.5,-535.0,manage_21dte,-14.63,21
NVDA,2022-09-02,135.0,20.97,-488.5,-535.0,manage_21dte,-23.29,21
NVDA,2022-09-13,130.0,19.1,-381.0,-380.0,manage_21dte,-19.95,17
NVDA,2023-03-13,230.0,32.08,1592.8,0.0,tp_plus50,49.66,10
NVDA,2023-08-17,435.0,70.62,-2836.0,-3305.0,stop_minus40,-40.16,22
NVDA,2023-09-26,420.0,47.23,-98.5,-297.5,manage_21dte,-2.09,17
NVDA,2024-03-18,885.0,131.9,-5287.0,-5545.0,stop_minus40,-40.08,16
NVDA,2024-04-04,860.0,105.83,-2541.0,-2640.0,manage_21dte,-24.01,22
NVDA,2024-07-19,118.0,20.12,-147.5,-215.0,manage_21dte,-7.33,21
NVDA,2024-09-03,108.0,14.98,-293.0,-372.5,manage_21dte,-19.57,17
NVDA,2024-10-03,123.0,17.05,402.0,-70.0,manage_21dte,23.58,22
NVDA,2025-01-02,138.0,17.6,-646.0,-635.0,manage_21dte,-36.7,22
NVDA,2025-02-03,117.0,21.0,6.5,-65.0,manage_21dte,0.31,18
NVDA,2025-02-25,127.0,20.57,-778.5,-767.5,manage_21dte,-37.84,17
NVDA,2025-10-10,185.0,24.57,-23.5,-555.0,manage_21dte,-0.96,21
NVDA,2026-02-04,175.0,21.73,21.5,-52.5,manage_21dte,0.99,16
LLY,2013-08-20,52.5,2.57,-50.0,-39.0,manage_21dte,-19.42,14
LLY,2013-10-01,50.0,3.0,-130.8,-124.5,stop_minus40,-43.67,22
LLY,2013-12-17,49.0,2.02,26.5,0.0,manage_21dte,13.09,13
LLY,2014-01-27,55.0,3.22,94.0,-85.0,manage_21dte,29.19,35
LLY,2014-03-03,60.0,3.28,-98.5,-87.5,manage_21dte,-30.08,28
LLY,2014-03-14,60.0,2.93,-64.0,-53.0,manage_21dte,-21.84,17
LLY,2014-03-27,57.5,3.78,-121.0,-115.5,manage_21dte,-32.01,32
LLY,2014-04-08,57.5,3.47,-90.0,-84.5,manage_21dte,-25.94,20
LLY,2014-04-10,57.5,3.43,-85.5,-80.0,manage_21dte,-24.96,18
LLY,2014-07-31,60.0,3.27,36.0,-94.0,manage_21dte,10.99,33
LLY,2014-09-25,65.5,2.98,138.0,-17.0,tp_plus50,46.31,21
LLY,2014-12-11,72.5,3.67,-48.5,-69.5,manage_21dte,-13.2,18
LLY,2015-06-29,84.0,6.42,-58.0,-74.0,manage_21dte,-9.03,18
LLY,2015-08-20,87.5,5.3,254.0,0.0,tp_plus50,47.92,4
LLY,2015-12-11,83.5,5.23,-121.0,-110.0,manage_21dte,-23.14,24
LLY,2016-01-04,83.0,6.18,-184.0,-173.0,manage_21dte,-29.75,18
LLY,2016-06-16,74.0,5.28,84.5,-80.5,manage_21dte,16.02,22
LLY,2016-09-14,77.5,3.88,-24.0,-30.5,manage_21dte,-6.19,16
LLY,2016-10-11,82.5,4.53,215.5,0.0,tp_plus50,47.57,15
LLY,2017-04-10,85.0,4.46,-89.0,-80.5,manage_21dte,-19.96,18
LLY,2017-08-11,81.0,3.49,-83.5,-112.5,manage_21dte,-23.93,21
LLY,2017-11-14,82.5,3.51,24.0,-40.0,manage_21dte,6.84,17
LLY,2017-11-28,85.0,3.46,-86.5,-75.5,manage_21dte,-24.96,17
LLY,2018-01-16,85.5,3.82,118.0,-30.0,manage_21dte,30.89,17
LLY,2018-07-02,86.0,4.14,-33.0,-22.0,manage_21dte,-7.96,18
LLY,2018-10-08,115.0,6.8,329.0,-46.5,tp_plus50,48.38,16
LLY,2019-05-09,115.0,7.12,-191.0,-185.5,manage_21dte,-26.81,22
LLY,2019-08-05,109.0,7.85,-256.0,-245.0,manage_21dte,-32.61,18
LLY,2019-10-01,111.0,7.22,-253.5,-242.5,manage_21dte,-35.09,17
LLY,2020-01-27,138.0,8.55,-271.0,-260.0,manage_21dte,-31.7,18
LLY,2020-09-24,149.0,13.6,-353.5,-342.5,manage_21dte,-25.99,22
LLY,2020-09-30,148.0,11.6,-173.5,-162.5,manage_21dte,-14.96,16
LLY,2021-01-28,210.0,23.58,-954.0,-947.5,stop_minus40,-40.47,19
LLY,2021-09-17,230.0,17.32,-323.5,-312.5,manage_21dte,-18.67,21
LLY,2021-11-26,260.0,21.95,-543.5,-532.5,manage_21dte,-24.76,21
LLY,2022-01-13,250.0,20.1,-515.5,-515.0,manage_21dte,-25.65,22
LLY,2022-04-22,280.0,25.05,-433.5,-580.0,manage_21dte,-17.31,21
LLY,2022-09-02,300.0,26.6,-146.0,-620.0,manage_21dte,-5.49,21
LLY,2022-09-13,310.0,26.58,-313.5,-302.5,manage_21dte,-11.8,17
LLY,2023-03-13,320.0,23.55,354.0,-167.5,manage_21dte,15.03,18
LLY,2023-08-17,540.0,33.22,1650.2,-707.5,tp_plus50,49.67,22
LLY,2023-09-26,550.0,41.88,2082.8,-485.0,tp_plus50,49.74,15
LLY,2024-03-18,765.0,56.27,-1066.0,-1277.5,manage_21dte,-18.94,18
LLY,2024-04-04,770.0,73.12,-1153.5,-1525.0,manage_21dte,-15.77,22
LLY,2024-07-19,855.0,82.15,-1511.0,-2707.5,manage_21dte,-18.39,21
LLY,2024-09-03,955.0,69.15,-1713.5,-1702.5,manage_21dte,-24.78,17
LLY,2024-10-03,890.0,94.7,-1653.5,-1642.5,manage_21dte,-17.46,22
LLY,2025-01-02,780.0,80.7,-2468.5,-2457.5,manage_21dte,-30.59,22
LLY,2025-02-03,810.0,70.4,431.5,-1215.0,manage_21dte,6.13,18
LLY,2025-02-25,900.0,69.28,2024.5,-430.0,manage_21dte,29.22,17
LLY,2025-10-10,830.0,93.4,-3448.5,-3585.0,manage_21dte,-36.92,21
LLY,2026-02-04,1105.0,97.17,510.5,-250.0,manage_21dte,5.25,16
